2020-01-31 17:29:39, 2020-01-31 17:31:20
2020-01-31 17:41:08, 2020-01-31 17:41:39
2020-01-31 18:29:35, 2020-01-31 18:30:07
2020-01-31 19:29:35, 2020-01-31 19:30:05
2020-01-31 20:29:35, 2020-01-31 20:30:07
2020-01-31 21:29:35, 2020-01-31 21:30:06
2020-01-31 22:29:35, 2020-01-31 22:30:14
2020-01-31 23:29:35, 2020-01-31 23:30:04
2020-02-01 00:29:35, 2020-02-01 00:30:09
2020-02-01 01:29:35, 2020-02-01 01:30:04
2020-02-01 02:29:35, 2020-02-01 02:30:06
2020-02-01 03:29:35, 2020-02-01 03:30:04
2020-02-01 04:29:35, 2020-02-01 04:30:03
2020-02-01 05:29:35, 2020-02-01 05:30:06
2020-02-01 06:29:35, 2020-02-01 06:30:02
2020-02-01 07:29:35, 2020-02-01 07:30:01
2020-02-01 08:29:35, 2020-02-01 08:32:02
2020-02-01 09:29:35, 2020-02-01 09:30:01
2020-02-01 10:29:35, 2020-02-01 10:30:02
2020-02-01 11:29:35, 2020-02-01 11:30:02
2020-02-01 12:29:35, 2020-02-01 12:30:03
2020-02-01 13:29:35, 2020-02-01 13:30:02
2020-02-01 14:29:35, 2020-02-01 14:30:05
2020-02-01 15:29:35, 2020-02-01 15:30:05
2020-02-01 16:29:35, 2020-02-01 16:30:02
2020-02-01 17:29:35, 2020-02-01 17:30:03
2020-02-01 18:29:35, 2020-02-01 18:30:04
2020-02-01 19:29:35, 2020-02-01 19:30:04
2020-02-01 20:29:35, 2020-02-01 20:30:02
2020-02-01 21:29:35, 2020-02-01 21:30:04
2020-02-01 22:29:35, 2020-02-01 22:30:06
2020-02-01 23:29:35, 2020-02-01 23:30:05
2020-02-02 00:29:35, 2020-02-02 00:30:05
2020-02-02 01:29:35, 2020-02-02 01:30:01
2020-02-02 02:29:35, 2020-02-02 02:30:01
2020-02-02 03:29:35, 2020-02-02 03:30:02
2020-02-02 04:29:35, 2020-02-02 04:30:02
2020-02-02 04:58:22, 2020-02-02 04:58:45
2020-02-02 05:29:35, 2020-02-02 05:29:59
2020-02-02 06:29:35, 2020-02-02 06:29:59
2020-02-02 07:29:35, 2020-02-02 07:29:59
2020-02-02 08:29:35, 2020-02-02 08:29:59
2020-02-02 09:29:35, 2020-02-02 09:29:58
2020-02-02 10:29:35, 2020-02-02 10:29:59
2020-02-02 11:29:35, 2020-02-02 11:30:00
2020-02-02 12:29:35, 2020-02-02 12:29:59
2020-02-02 13:29:35, 2020-02-02 13:30:01
2020-02-02 14:29:35, 2020-02-02 14:30:03
2020-02-02 15:29:35, 2020-02-02 15:30:06
2020-02-02 16:29:35, 2020-02-02 16:30:02
2020-02-02 17:29:35, 2020-02-02 17:30:02
2020-02-02 18:29:35, 2020-02-02 18:30:04
2020-02-02 19:29:35, 2020-02-02 19:30:01
2020-02-02 20:29:35, 2020-02-02 20:30:00
2020-02-02 21:29:35, 2020-02-02 21:30:01
2020-02-02 22:29:35, 2020-02-02 22:30:00
2020-02-02 23:29:35, 2020-02-02 23:30:00
2020-02-03 00:29:35, 2020-02-03 00:30:01
2020-02-03 01:29:35, 2020-02-03 01:30:02
2020-02-03 02:29:35, 2020-02-03 02:30:02
2020-02-03 03:29:35, 2020-02-03 03:30:02
2020-02-03 04:29:35, 2020-02-03 04:29:58
2020-02-03 05:29:35, 2020-02-03 05:30:00
2020-02-03 06:29:35, 2020-02-03 06:29:59
2020-02-03 07:29:35, 2020-02-03 07:29:58
2020-02-03 08:29:35, 2020-02-03 08:29:59
2020-02-03 09:29:35, 2020-02-03 09:30:00
2020-02-03 10:29:35, 2020-02-03 10:29:59
2020-02-03 11:29:35, 2020-02-03 11:30:00
2020-02-03 12:29:35, 2020-02-03 12:30:00
2020-02-03 13:29:35, 2020-02-03 13:30:05
2020-02-03 14:29:35, 2020-02-03 14:30:16
2020-02-03 15:29:35, 2020-02-03 15:30:00
2020-02-03 16:29:35, 2020-02-03 16:30:05
2020-02-03 17:29:35, 2020-02-03 17:30:07
